Keyword,Searches: Feb 2014,Searches: Mar 2014,Searches: Apr 2014,Searches: May 2014,Searches: Jun 2014,Searches: Jul 2014,Searches: Aug 2014,Searches: Sep 2014,Searches: Oct 2014,Searches: Nov 2014,Searches: Dec 2014,Searches: Jan 2015,Searches: Feb 2015,Searches: Mar 2015,Searches: Apr 2015,Searches: May 2015,Searches: Jun 2015,Searches: Jul 2015,Searches: Aug 2015,Searches: Sep 2015,Searches: Oct 2015,Searches: Nov 2015,Searches: Dec 2015,Searches: Jan 2016
NEWS,9140000,11100000,11100000,9140000,9140000,11100000,11100000,11100000,11100000,11100000,11100000,11100000,11100000,11100000,11100000,11100000,11100000,11100000,11100000,11100000,11100000,13600000,13600000,13600000
GROUPON,3350000,4090000,3350000,4090000,4090000,4090000,4090000,4090000,4090000,4090000,5000000,4090000,4090000,5000000,4090000,5000000,5000000,5000000,5000000,4090000,4090000,5000000,6120000,5000000
GAMESTOP,5000000,5000000,4090000,4090000,5000000,5000000,5000000,5000000,5000000,7480000,9140000,5000000,5000000,5000000,5000000,4090000,6120000,6120000,6120000,5000000,5000000,9140000,11100000,6120000
DICKS SPORTING GOODS,368000,2740000,3350000,3350000,4090000,4090000,5000000,3350000,3350000,6120000,7480000,4090000,3350000,4090000,4090000,4090000,4090000,5000000,5000000,4090000,3350000,6120000,7480000,4090000
SPRINT,3350000,4090000,3350000,3350000,3350000,3350000,4090000,6120000,5000000,4090000,5000000,4090000,3350000,4090000,3350000,4090000,4090000,4090000,4090000,4090000,4090000,3350000,4090000,3350000
URBAN OUTFITTERS,1830000,2240000,1830000,1830000,1830000,2240000,2240000,2240000,1830000,2240000,2740000,2240000,1830000,2240000,1830000,1830000,2240000,2240000,2240000,2240000,2240000,2740000,2740000,2240000
OFFICE DEPOT,2740000,2240000,2240000,2240000,2240000,2740000,3350000,2740000,2240000,2740000,2240000,2740000,2240000,2240000,2240000,2240000,2240000,2740000,3350000,2240000,2240000,2240000,2240000,2740000
AMERICAN EAGLE,1830000,2240000,1830000,1830000,1830000,2240000,2740000,1830000,2240000,3350000,3350000,2240000,1830000,2240000,1830000,2240000,1830000,2740000,2740000,2240000,2740000,5000000,4090000,2740000
CABELAS,2240000,2240000,2240000,1830000,1830000,2240000,2240000,2240000,2740000,4090000,5000000,2740000,2240000,2240000,2240000,1830000,2240000,2240000,2240000,2240000,2740000,4090000,5000000,2740000
SPIRIT AIRLINES,2240000,2240000,1830000,2240000,2240000,2240000,2240000,2240000,2240000,2240000,2240000,2740000,2740000,3350000,2740000,2240000,2740000,2740000,2740000,2240000,2240000,2240000,2240000,3350000
BUFFALO WILD WINGS,1830000,1830000,1830000,1830000,1830000,1830000,1830000,2240000,1830000,1830000,2240000,2240000,1830000,1830000,1830000,2240000,1830000,2240000,2240000,2240000,2240000,2240000,2740000,2740000
F N B,49500,49500,49500,49500,60500,49500,60500,49500,60500,49500,60500,60500,49500,60500,60500,49500,60500,60500,60500,49500,60500,60500,60500,60500
BIG LOTS,1500000,1500000,1220000,1500000,1500000,1500000,1500000,1220000,1220000,2240000,2240000,1500000,1500000,1830000,1500000,1830000,1830000,1830000,1500000,1500000,1500000,2240000,2740000,1500000
HERBALIFE,450000,673000,550000,450000,368000,450000,368000,301000,301000,246000,246000,368000,368000,450000,368000,368000,368000,368000,368000,301000,301000,301000,246000,368000
KATE SPADE,673000,673000,550000,673000,673000,673000,673000,673000,673000,1220000,1220000,823000,823000,823000,673000,823000,673000,823000,823000,1000000,823000,1830000,1830000,1000000
CHEESECAKE FACTORY,1000000,1000000,823000,1000000,1000000,1000000,1000000,823000,1000000,1000000,1220000,1220000,1220000,1220000,1000000,823000,1000000,1220000,1220000,673000,1000000,1220000,1500000,1220000
TEXAS ROADHOUSE,823000,823000,673000,823000,823000,823000,823000,673000,823000,1000000,1000000,1220000,1220000,1000000,1000000,1000000,1000000,1000000,1000000,1000000,1000000,1220000,1220000,1500000
NAVIENT,3600,1900,6600,8100,8100,8100,22200,49500,368000,550000,673000,1220000,1000000,1000000,1000000,823000,823000,823000,823000,823000,1000000,823000,823000,1220000
POOL,74000,90500,110000,135000,165000,135000,110000,90500,90500,90500,90500,90500,90500,135000,135000,165000,201000,201000,201000,246000,201000,246000,368000,450000
CRACKER BARREL,550000,673000,550000,673000,673000,823000,673000,673000,673000,1000000,1000000,823000,673000,673000,673000,823000,823000,823000,823000,823000,823000,1000000,1000000,823000
POPULAR,33100,33100,33100,33100,33100,33100,33100,33100,40500,33100,33100,33100,33100,40500,33100,33100,33100,33100,33100,40500,49500,49500,49500,49500
VMWARE,135000,165000,135000,135000,135000,135000,135000,165000,165000,135000,135000,135000,135000,165000,135000,135000,135000,135000,165000,165000,201000,135000,135000,165000
ABERCROMBIE and FITCH,135000,135000,135000,135000,135000,165000,201000,135000,135000,246000,246000,135000,135000,135000,135000,135000,135000,165000,165000,165000,201000,550000,301000,201000
MADISON SQUARE GARDEN,201000,201000,135000,135000,110000,135000,135000,165000,201000,165000,201000,201000,201000,201000,165000,135000,135000,165000,165000,201000,201000,201000,246000,201000
KIRBY,74000,74000,90500,110000,90500,90500,90500,74000,90500,90500,110000,110000,110000,165000,110000,110000,90500,110000,110000,90500,110000,110000,110000,110000
OSHKOSH,135000,165000,135000,135000,110000,135000,201000,165000,201000,246000,165000,135000,165000,201000,165000,135000,135000,201000,246000,246000,246000,368000,246000,201000
JC PENNEY,201000,246000,246000,246000,201000,201000,246000,201000,246000,368000,368000,246000,201000,246000,246000,246000,246000,246000,301000,246000,301000,450000,450000,246000
HOWARD HUGHES,135000,246000,165000,165000,110000,110000,110000,90500,90500,90500,90500,135000,90500,110000,110000,165000,450000,165000,110000,110000,90500,90500,110000,165000
VIASAT,14800,14800,14800,14800,14800,12100,14800,14800,14800,12100,12100,18100,14800,14800,14800,14800,14800,18100,18100,18100,18100,14800,14800,18100
AVISTA,33100,33100,33100,33100,33100,40500,49500,33100,33100,27100,33100,33100,40500,33100,33100,33100,40500,40500,40500,33100,40500,135000,49500,49500
RACKSPACE,90500,90500,90500,110000,90500,110000,90500,110000,90500,90500,74000,90500,90500,90500,90500,90500,90500,90500,90500,74000,90500,74000,74000,74000
CRANE,33100,33100,40500,40500,33100,33100,33100,40500,40500,40500,33100,40500,40500,40500,40500,49500,40500,40500,40500,60500,49500,40500,40500,49500
AUTONATION,110000,135000,135000,135000,135000,135000,135000,135000,135000,135000,135000,165000,165000,165000,135000,135000,165000,165000,165000,165000,135000,135000,135000,165000
PRIMERICA,90500,110000,110000,110000,110000,110000,110000,110000,110000,110000,90500,135000,110000,135000,135000,135000,135000,165000,165000,135000,135000,110000,110000,135000
STARZ,74000,74000,60500,60500,74000,90500,246000,135000,90500,74000,74000,110000,74000,90500,135000,110000,165000,135000,165000,90500,90500,110000,110000,135000
AECOM,40500,40500,40500,40500,33100,74000,40500,40500,49500,33100,33100,49500,49500,49500,49500,49500,49500,60500,60500,60500,60500,60500,49500,74000
NETSUITE,49500,60500,60500,60500,60500,60500,60500,60500,74000,60500,49500,60500,60500,60500,74000,60500,74000,74000,60500,60500,74000,60500,60500,60500
INTERACTIVE BROKERS,49500,60500,60500,49500,49500,49500,49500,49500,60500,49500,49500,60500,60500,60500,60500,49500,49500,60500,60500,49500,49500,49500,49500,60500
NCR,33100,33100,33100,33100,33100,33100,27100,33100,40500,27100,27100,33100,33100,33100,40500,33100,40500,40500,33100,33100,33100,33100,27100,33100
ZIONS BANK,110000,135000,135000,135000,135000,135000,135000,135000,135000,135000,135000,135000,110000,135000,135000,135000,135000,135000,135000,135000,135000,110000,135000,135000
NOBLE,33100,40500,40500,33100,27100,27100,33100,40500,49500,40500,40500,49500,40500,49500,49500,90500,33100,33100,40500,49500,49500,49500,49500,49500
SOUTHWEST GAS,110000,110000,110000,110000,90500,90500,90500,90500,110000,110000,110000,135000,135000,135000,135000,110000,135000,135000,135000,110000,110000,110000,135000,165000
PTC,22200,22200,22200,22200,18100,22200,22200,22200,27100,22200,22200,27100,27100,27100,27100,27100,22200,22200,22200,27100,33100,27100,22200,27100
GRACO,135000,74000,60500,60500,60500,74000,60500,60500,60500,74000,49500,60500,49500,60500,49500,49500,49500,60500,60500,60500,49500,60500,40500,49500
MOLINA HEALTHCARE,60500,74000,60500,60500,60500,60500,60500,60500,74000,60500,90500,110000,110000,135000,110000,90500,110000,110000,110000,90500,90500,110000,135000,201000
PITNEY BOWES,60500,60500,60500,49500,49500,60500,49500,60500,60500,49500,49500,74000,60500,60500,60500,60500,60500,60500,49500,60500,60500,49500,49500,90500
DELUXE,18100,18100,14800,18100,18100,14800,14800,18100,18100,18100,18100,18100,18100,18100,18100,18100,18100,18100,18100,22200,27100,22200,22200,27100
WASHINGTON FEDERAL,90500,90500,74000,110000,90500,90500,90500,90500,90500,90500,110000,110000,90500,90500,90500,90500,90500,90500,110000,110000,110000,165000,110000,90500
MAXIMUS,27100,27100,27100,33100,27100,27100,22200,27100,27100,27100,27100,27100,27100,27100,27100,27100,27100,27100,27100,27100,27100,27100,27100,27100
ITT,33100,33100,33100,33100,33100,33100,33100,33100,33100,27100,27100,33100,27100,33100,33100,33100,33100,33100,33100,33100,33100,27100,27100,33100
CREE,40500,49500,49500,40500,33100,33100,33100,33100,49500,33100,33100,40500,33100,33100,33100,33100,33100,33100,33100,33100,33100,33100,33100,33100
CONVERGYS,40500,49500,49500,49500,49500,49500,49500,49500,60500,49500,49500,60500,49500,60500,49500,49500,60500,74000,60500,60500,49500,49500,49500,60500
BANK OF HAWAII,74000,74000,90500,90500,74000,74000,90500,74000,90500,74000,74000,90500,74000,90500,90500,90500,90500,90500,90500,90500,90500,90500,90500,90500
FIRST DATA,33100,33100,33100,33100,33100,33100,33100,40500,40500,33100,33100,40500,40500,40500,40500,40500,40500,40500,40500,40500,74000,40500,33100,33100
FORTINET,14800,14800,14800,14800,14800,14800,14800,18100,18100,14800,14800,18100,18100,18100,18100,18100,18100,22200,18100,18100,22200,18100,18100,22200
DUN and BRADSTREET,49500,49500,49500,49500,40500,49500,40500,40500,49500,40500,40500,40500,40500,49500,49500,49500,49500,49500,49500,49500,49500,40500,40500,49500
BRUNSWICK,33100,33100,33100,27100,33100,33100,33100,27100,27100,27100,33100,40500,33100,40500,33100,33100,33100,40500,33100,33100,33100,40500,40500,49500
MB FINANCIAL,49500,60500,60500,60500,60500,60500,60500,74000,74000,74000,74000,74000,74000,90500,74000,74000,74000,90500,74000,74000,74000,74000,74000,74000
RR DONNELLEY,40500,40500,40500,40500,40500,40500,40500,40500,49500,40500,40500,49500,49500,49500,49500,49500,49500,49500,60500,49500,49500,49500,40500,49500
VCA,14800,14800,18100,14800,14800,18100,14800,14800,14800,14800,18100,18100,18100,18100,18100,18100,22200,22200,22200,22200,22200,18100,18100,22200
GENPACT,12100,12100,9900,9900,9900,9900,9900,9900,9900,8100,6600,9900,9900,9900,9900,9900,12100,12100,9900,12100,12100,9900,8100,9900
HELEN OF TROY,27100,33100,27100,27100,22200,22200,27100,33100,33100,60500,33100,33100,40500,40500,33100,33100,27100,33100,27100,40500,33100,40500,33100,33100
NORTHWESTERN,33100,60500,49500,33100,33100,33100,40500,60500,74000,74000,60500,49500,49500,60500,49500,40500,40500,49500,49500,90500,110000,74000,74000,74000
KBR,33100,33100,27100,27100,27100,27100,22200,33100,33100,27100,27100,33100,33100,33100,33100,27100,27100,27100,27100,33100,33100,27100,27100,33100
TECH DATA,9900,12100,12100,9900,9900,9900,9900,9900,9900,9900,8100,9900,9900,9900,9900,12100,12100,9900,12100,12100,12100,9900,8100,9900
SYNAPTICS,12100,12100,12100,9900,12100,9900,9900,12100,12100,9900,9900,9900,9900,9900,9900,9900,9900,9900,12100,9900,9900,8100,6600,9900
WEX,6600,8100,8100,8100,8100,8100,8100,8100,8100,6600,8100,8100,8100,8100,9900,8100,9900,9900,9900,9900,12100,9900,9900,9900
HUNTSMAN,8100,9900,12100,9900,9900,9900,9900,12100,14800,9900,9900,12100,12100,12100,12100,12100,12100,12100,12100,12100,14800,18100,18100,14800
PIEDMONT NATURAL GAS,60500,74000,60500,60500,49500,60500,60500,60500,74000,74000,74000,90500,74000,74000,60500,60500,60500,60500,49500,49500,74000,60500,60500,74000
USG,18100,18100,18100,14800,14800,14800,14800,14800,18100,14800,14800,18100,14800,18100,18100,14800,14800,14800,14800,14800,14800,14800,12100,18100
FIREEYE,27100,40500,33100,40500,22200,22200,22200,27100,27100,33100,33100,27100,40500,27100,33100,33100,33100,33100,27100,33100,27100,27100,22200,27100
JONES LANG LASALLE,40500,33100,33100,27100,27100,27100,27100,27100,33100,27100,22200,27100,27100,27100,27100,22200,27100,27100,22200,22200,22200,22200,18100,22200
BROOKDALE SENIOR LIVING,40500,40500,33100,33100,33100,40500,49500,49500,49500,49500,49500,74000,60500,60500,49500,60500,74000,49500,40500,49500,110000,74000,40500,49500
TERADATA,22200,22200,22200,22200,18100,22200,22200,22200,27100,22200,18100,22200,22200,22200,22200,22200,22200,22200,22200,22200,22200,22200,18100,22200
VECTREN,49500,60500,49500,49500,49500,49500,49500,49500,60500,60500,49500,60500,60500,49500,60500,60500,49500,60500,60500,60500,60500,60500,60500,60500
COTY,9900,9900,9900,9900,9900,9900,9900,9900,9900,9900,9900,12100,9900,12100,12100,12100,22200,22200,14800,14800,14800,14800,12100,14800
SLM,5400,5400,5400,8100,4400,4400,4400,4400,4400,3600,3600,3600,3600,3600,4400,3600,3600,4400,3600,3600,4400,3600,3600,4400
BOOZ ALLEN HAMILTON,40500,40500,40500,40500,40500,40500,40500,40500,40500,33100,33100,40500,40500,49500,49500,40500,40500,40500,40500,49500,49500,40500,40500,49500
NATIONAL INSTRUMENTS,18100,18100,18100,18100,18100,18100,18100,22200,22200,14800,12100,18100,18100,18100,18100,14800,14800,14800,18100,22200,18100,14800,12100,14800
ATMEL,9900,9900,9900,9900,9900,9900,9900,9900,9900,8100,8100,9900,9900,9900,9900,9900,12100,9900,9900,18100,9900,8100,8100,14800
TEREX,12100,12100,12100,12100,12100,12100,12100,12100,12100,9900,9900,12100,12100,12100,12100,12100,12100,12100,14800,12100,12100,9900,9900,14800
SPROUTS FARMERS MARKET,27100,33100,33100,33100,49500,60500,49500,40500,40500,40500,40500,60500,49500,74000,60500,49500,49500,49500,49500,33100,33100,33100,40500,49500
DONALDSON,6600,6600,6600,6600,6600,6600,6600,6600,6600,8100,6600,6600,6600,6600,6600,6600,8100,8100,8100,8100,12100,6600,5400,6600
CHESAPEAKE ENERGY,40500,40500,40500,40500,33100,40500,33100,40500,40500,33100,40500,40500,40500,40500,33100,27100,33100,40500,49500,49500,33100,33100,40500,49500
WOODWARD,14800,18100,18100,18100,18100,18100,18100,14800,14800,14800,14800,18100,18100,22200,18100,18100,22200,22200,22200,18100,18100,18100,14800,22200
AGCO,12100,12100,12100,12100,12100,12100,12100,12100,14800,9900,9900,9900,9900,12100,12100,9900,12100,12100,12100,12100,9900,9900,8100,9900
SYNNEX,12100,12100,12100,12100,12100,12100,12100,12100,12100,9900,9900,12100,12100,12100,12100,12100,12100,12100,12100,12100,12100,12100,9900,12100
ZEBRA TECHNOLOGIES,8100,8100,22200,9900,9900,12100,12100,12100,14800,14800,12100,14800,14800,18100,18100,18100,18100,18100,18100,18100,14800,14800,12100,14800
CLEAN HARBORS,18100,18100,18100,18100,18100,18100,18100,18100,22200,18100,18100,22200,22200,22200,22200,22200,22200,22200,22200,22200,22200,22200,18100,22200
LAZARD,8100,8100,8100,8100,8100,8100,8100,9900,12100,9900,8100,12100,9900,9900,9900,8100,8100,9900,8100,12100,12100,9900,8100,9900
MURPHY USA,18100,18100,22200,27100,27100,27100,27100,27100,27100,27100,27100,33100,27100,27100,27100,27100,27100,33100,33100,33100,27100,27100,27100,33100
FIRSTMERIT,33100,33100,33100,33100,33100,33100,33100,33100,33100,33100,33100,33100,27100,27100,27100,27100,27100,27100,27100,27100,27100,27100,27100,33100
TABLEAU SOFTWARE,14800,14800,14800,12100,12100,12100,12100,14800,14800,12100,9900,12100,12100,14800,12100,12100,12100,12100,12100,12100,12100,12100,9900,12100
ALLSCRIPTS,22200,22200,27100,22200,22200,22200,22200,27100,22200,22200,18100,22200,22200,22200,22200,22200,22200,22200,22200,22200,22200,22200,18100,22200
WADDELL and REED,27100,27100,27100,27100,27100,27100,27100,27100,33100,27100,27100,27100,33100,33100,33100,27100,27100,27100,27100,27100,27100,22200,22200,27100
CABOT,8100,8100,9900,9900,8100,8100,9900,12100,9900,8100,8100,8100,8100,8100,9900,9900,8100,8100,9900,12100,12100,9900,9900,9900
BELDEN,9900,9900,9900,9900,9900,9900,9900,12100,9900,9900,9900,9900,9900,9900,9900,9900,9900,9900,9900,12100,9900,8100,8100,8100
CLECO,27100,22200,18100,18100,22200,22200,22200,22200,22200,18100,18100,18100,18100,22200,22200,22200,22200,27100,27100,27100,27100,27100,27100,27100
ROVI,8100,8100,8100,8100,6600,8100,6600,6600,8100,8100,6600,6600,8100,9900,8100,8100,6600,9900,8100,8100,8100,5400,6600,6600
NRG ENERGY,14800,22200,22200,18100,22200,22200,27100,22200,22200,18100,18100,22200,18100,22200,22200,18100,18100,18100,22200,22200,22200,14800,22200,22200
VAIL RESORTS,33100,27100,14800,12100,12100,14800,14800,22200,22200,33100,33100,33100,27100,22200,14800,9900,12100,14800,14800,18100,22200,27100,33100,40500
HOUGHTON MIFFLIN,27100,27100,22200,22200,18100,14800,22200,33100,27100,22200,18100,22200,22200,22200,22200,18100,14800,14800,22200,33100,27100,18100,14800,22200
CORELOGIC,18100,18100,22200,18100,14800,18100,14800,18100,18100,14800,14800,18100,18100,22200,22200,22200,27100,18100,18100,18100,18100,14800,14800,18100
ALERE,12100,12100,12100,12100,12100,14800,12100,14800,18100,9900,9900,12100,12100,12100,12100,12100,12100,12100,9900,12100,12100,9900,9900,12100
COGNEX,6600,8100,8100,8100,8100,8100,8100,8100,8100,6600,6600,8100,8100,9900,8100,9900,8100,8100,8100,8100,8100,6600,6600,6600
BLACK HILLS,12100,12100,14800,14800,18100,18100,18100,18100,14800,12100,12100,14800,14800,18100,18100,22200,22200,22200,18100,18100,14800,14800,14800,18100
BLACKBAUD,18100,18100,18100,18100,18100,18100,18100,22200,22200,18100,14800,18100,18100,18100,18100,18100,18100,18100,22200,22200,22200,18100,14800,22200
TENET HEALTHCARE,22200,22200,22200,22200,22200,27100,22200,22200,22200,22200,22200,27100,22200,27100,22200,18100,22200,22200,22200,22200,22200,18100,14800,22200
JACK IN BOX,9900,12100,12100,9900,9900,9900,9900,9900,12100,9900,880,1000,880,8100,880,1000,880,1000,1000,1000,3600,22200,27100,33100
ON SEMICONDUCTOR,6600,8100,8100,6600,8100,8100,6600,8100,8100,6600,6600,8100,8100,9900,9900,8100,8100,8100,8100,8100,9900,12100,6600,8100
VISTEON,4400,4400,4400,4400,4400,5400,4400,5400,4400,4400,3600,5400,4400,5400,4400,5400,6600,4400,4400,4400,4400,4400,3600,5400
TENNECO,5400,6600,6600,6600,6600,6600,6600,6600,8100,5400,5400,8100,6600,8100,8100,6600,8100,8100,8100,8100,9900,6600,6600,8100
BROWN FORMAN,9900,12100,12100,12100,12100,12100,12100,12100,12100,9900,9900,9900,9900,12100,12100,9900,12100,12100,12100,12100,12100,9900,9900,12100
HEARTLAND PAYMENT SYSTEMS,14800,18100,18100,18100,18100,18100,18100,18100,22200,18100,18100,22200,18100,22200,22200,22200,22200,22200,18100,18100,18100,18100,22200,22200
MENTOR GRAPHICS,6600,8100,8100,6600,6600,6600,6600,8100,8100,6600,5400,8100,8100,8100,8100,6600,8100,6600,6600,8100,8100,8100,6600,8100
LITTELFUSE,8100,8100,8100,8100,8100,8100,8100,8100,8100,6600,6600,8100,8100,8100,8100,6600,8100,8100,8100,8100,8100,8100,6600,8100
BRUKER,3600,4400,4400,3600,3600,4400,3600,3600,4400,3600,2900,3600,3600,4400,4400,4400,3600,3600,3600,3600,3600,2900,2900,3600
CIENA,6600,6600,8100,6600,8100,6600,6600,8100,6600,5400,6600,6600,6600,8100,6600,8100,6600,6600,6600,6600,6600,6600,5400,6600
STIFEL,9900,9900,9900,9900,9900,9900,9900,12100,12100,12100,12100,12100,18100,14800,14800,12100,14800,14800,14800,12100,14800,14800,14800,14800
MICROSEMI,6600,8100,8100,6600,6600,6600,6600,8100,8100,5400,5400,8100,6600,9900,8100,8100,8100,8100,6600,8100,9900,8100,6600,9900
BLOOMIN BRANDS,12100,12100,12100,12100,9900,9900,12100,9900,9900,9900,12100,14800,12100,12100,12100,14800,14800,18100,18100,14800,14800,14800,27100,27100
LEGG MASON,9900,9900,9900,9900,9900,12100,9900,12100,9900,8100,8100,9900,9900,9900,9900,8100,8100,9900,9900,8100,8100,8100,8100,12100
OLIN,6600,6600,6600,6600,5400,5400,5400,6600,6600,6600,6600,8100,6600,12100,8100,6600,5400,6600,6600,9900,9900,6600,6600,8100
BEMIS,8100,8100,8100,6600,8100,8100,8100,9900,9900,8100,8100,8100,8100,9900,8100,8100,8100,8100,8100,8100,8100,6600,6600,9900
HEALTHSOUTH,9900,12100,12100,12100,12100,12100,12100,14800,14800,12100,12100,14800,14800,14800,14800,14800,14800,18100,14800,14800,18100,14800,14800,18100
QUESTAR,9900,12100,9900,9900,9900,9900,12100,12100,12100,9900,12100,12100,12100,12100,12100,9900,9900,12100,12100,12100,14800,14800,18100,22200
COMMUNITY HEALTH SYSTEMS,14800,14800,14800,14800,12100,14800,90500,18100,22200,14800,12100,18100,14800,14800,14800,14800,14800,14800,18100,14800,14800,12100,9900,14800
NORDSON,4400,4400,4400,4400,4400,4400,5400,5400,5400,4400,3600,5400,5400,5400,5400,5400,5400,5400,5400,5400,5400,4400,4400,5400
AVIS BUDGET GROUP,6600,9900,9900,9900,9900,9900,9900,8100,8100,6600,6600,8100,8100,8100,9900,12100,9900,9900,9900,8100,8100,8100,8100,8100
CURTISS WRIGHT,6600,8100,6600,8100,8100,8100,8100,8100,8100,6600,6600,8100,8100,8100,8100,8100,14800,9900,8100,8100,8100,8100,6600,8100
CONTINENTAL RESOURCES,14800,14800,14800,14800,14800,14800,14800,18100,18100,22200,22200,27100,18100,14800,12100,12100,9900,9900,12100,12100,9900,9900,9900,18100
ROLLINS,8100,8100,8100,8100,6600,6600,8100,8100,8100,8100,12100,9900,9900,9900,9900,6600,6600,6600,9900,8100,8100,8100,6600,8100
RLI,2400,2400,2400,2400,2400,2400,2400,2900,2900,2400,2400,2400,2400,3600,2900,2400,2400,2400,2400,2900,2900,2400,2400,3600
ENERSYS,5400,5400,5400,5400,5400,5400,5400,5400,6600,5400,4400,5400,5400,6600,5400,5400,5400,5400,5400,5400,8100,4400,4400,5400
SANDERSON FARMS,8100,8100,8100,8100,9900,9900,9900,9900,9900,14800,12100,12100,12100,12100,9900,12100,12100,12100,12100,12100,12100,18100,12100,12100
CONSOL ENERGY,12100,12100,9900,9900,9900,12100,9900,9900,12100,9900,9900,12100,9900,12100,12100,9900,12100,18100,12100,12100,18100,12100,9900,14800
ARISTA NETWORKS,8100,9900,12100,12100,22200,14800,12100,9900,9900,8100,14800,9900,12100,9900,8100,8100,9900,8100,8100,9900,8100,6600,5400,8100
TRINITY INDUSTRIES,9900,9900,9900,9900,12100,12100,9900,14800,22200,12100,9900,12100,12100,12100,14800,9900,12100,12100,9900,9900,12100,8100,8100,9900
FAIRCHILD SEMICONDUCTOR,6600,8100,8100,6600,5400,8100,9900,8100,6600,6600,5400,6600,6600,6600,6600,5400,6600,6600,5400,6600,9900,9900,8100,8100
GEO GROUP,9900,9900,9900,9900,9900,12100,12100,9900,9900,8100,8100,9900,9900,12100,12100,12100,12100,12100,12100,9900,12100,9900,9900,12100
OWENS ILLINOIS,4400,5400,5400,4400,5400,5400,5400,5400,5400,4400,4400,5400,5400,6600,6600,6600,5400,5400,5400,6600,6600,5400,4400,5400
ENSCO,9900,9900,9900,9900,8100,9900,8100,9900,9900,8100,8100,8100,9900,8100,6600,6600,6600,6600,6600,6600,5400,4400,4400,6600
MURPHY OIL,8100,8100,8100,8100,8100,9900,8100,8100,9900,8100,8100,9900,8100,8100,8100,8100,8100,8100,8100,8100,8100,6600,6600,9900
KEYSIGHT TECHNOLOGIES,590,590,880,1000,880,1900,6600,6600,8100,8100,5400,6600,8100,6600,5400,5400,5400,4400,5400,6600,6600,5400,5400,6600
CEPHEID,6600,6600,8100,6600,5400,5400,5400,5400,6600,6600,5400,6600,6600,8100,9900,8100,8100,8100,8100,6600,8100,6600,6600,8100
CATALENT,4400,5400,5400,4400,4400,8100,5400,5400,5400,5400,4400,5400,5400,6600,5400,5400,5400,5400,5400,6600,5400,5400,4400,5400
DOMTAR,5400,6600,6600,6600,5400,6600,6600,6600,6600,5400,5400,6600,6600,6600,6600,6600,6600,6600,8100,8100,6600,6600,5400,6600
PATTERSON COMPANIES,1900,1900,1900,1900,2400,1900,2400,2400,2900,2900,1900,8100,9900,12100,14800,12100,12100,12100,12100,12100,12100,12100,12100,12100
BANK OF OZARKS,8100,8100,8100,9900,8100,9900,12100,9900,8100,9900,9900,9900,9900,9900,12100,9900,12100,12100,12100,12100,12100,14800,14800,14800
MANHATTAN ASSOCIATES,5400,5400,5400,5400,4400,5400,5400,5400,5400,4400,3600,5400,6600,5400,5400,4400,5400,5400,5400,6600,6600,5400,4400,8100
B E AEROSPACE,9900,12100,9900,18100,12100,9900,9900,9900,9900,8100,9900,9900,8100,8100,8100,6600,6600,6600,6600,6600,6600,5400,5400,6600
GENTEX,8100,8100,8100,6600,6600,8100,8100,8100,9900,6600,8100,9900,8100,8100,8100,8100,8100,8100,8100,8100,8100,8100,6600,8100
CYPRESS SEMICONDUCTOR,4400,4400,4400,4400,4400,4400,4400,5400,5400,5400,8100,6600,5400,8100,6600,6600,6600,6600,5400,6600,8100,5400,5400,6600
COLFAX,6600,6600,6600,6600,6600,6600,6600,6600,6600,5400,6600,6600,6600,6600,8100,8100,6600,8100,8100,6600,8100,6600,6600,8100
CIRRUS LOGIC,5400,4400,5400,4400,3600,4400,3600,4400,4400,3600,3600,4400,5400,5400,5400,4400,4400,5400,4400,5400,4400,3600,3600,6600
JOHN WILEY and SONS,5400,5400,6600,5400,5400,5400,5400,6600,6600,4400,4400,6600,6600,6600,6600,5400,5400,5400,5400,8100,6600,5400,4400,6600
HEXCEL,4400,5400,4400,4400,4400,4400,4400,4400,5400,3600,3600,5400,4400,5400,5400,4400,4400,4400,4400,4400,4400,3600,3600,4400
STEVEN MADDEN,4400,5400,5400,4400,3600,3600,4400,5400,6600,8100,8100,5400,5400,6600,6600,6600,5400,5400,6600,6600,6600,8100,6600,6600
GRAPHIC PACKAGING,8100,8100,8100,8100,8100,8100,8100,8100,8100,6600,6600,9900,8100,8100,8100,8100,8100,8100,8100,9900,9900,6600,6600,9900
TAKE TWO INTERACTIVE,6600,4400,3600,4400,3600,3600,3600,3600,4400,4400,3600,3600,5400,4400,4400,5400,3600,3600,4400,4400,4400,5400,4400,3600
POLYONE,5400,5400,5400,5400,5400,5400,5400,6600,6600,4400,4400,5400,5400,5400,5400,5400,5400,5400,5400,6600,6600,5400,4400,6600
NUVASIVE,8100,8100,8100,8100,8100,8100,8100,6600,8100,5400,5400,8100,6600,8100,12100,8100,8100,8100,8100,8100,8100,6600,8100,9900
NABORS,8100,8100,9900,12100,12100,9900,12100,12100,12100,9900,9900,9900,8100,8100,8100,6600,6600,6600,6600,5400,4400,4400,3600,4400
SOUTHWESTERN ENERGY,6600,6600,6600,6600,6600,6600,6600,8100,12100,8100,9900,12100,9900,12100,9900,6600,6600,8100,8100,8100,8100,6600,8100,18100
COOPER TIRE,6600,8100,6600,6600,6600,6600,8100,8100,9900,9900,6600,8100,8100,8100,8100,6600,6600,6600,8100,8100,9900,8100,6600,8100
ACI WORLDWIDE,5400,5400,4400,4400,4400,4400,4400,5400,5400,4400,3600,5400,5400,5400,5400,4400,5400,5400,5400,5400,5400,4400,3600,5400
BRINKER INTERNATIONAL,12100,12100,12100,9900,9900,9900,8100,8100,8100,6600,6600,8100,8100,9900,8100,8100,8100,9900,9900,9900,9900,8100,8100,12100
BANKUNITED,9900,9900,9900,9900,9900,9900,9900,9900,9900,8100,8100,9900,9900,9900,9900,8100,9900,9900,9900,8100,9900,9900,9900,9900
AMC NETWORKS,6600,6600,2900,2900,2900,2900,2900,2900,6600,2900,2400,2900,3600,3600,3600,3600,3600,3600,6600,8100,12100,9900,8100,8100
TYLER TECHNOLOGIES,6600,8100,8100,6600,6600,8100,8100,8100,8100,6600,6600,8100,8100,8100,8100,8100,8100,9900,8100,9900,12100,8100,8100,9900
SINCLAIR BROADCAST GROUP,5400,6600,5400,6600,6600,8100,8100,8100,8100,6600,6600,8100,8100,9900,9900,8100,8100,8100,18100,9900,5400,6600,8100,12100
ELLIE MAE,5400,5400,9900,5400,5400,5400,6600,6600,6600,5400,5400,33100,6600,6600,6600,8100,8100,8100,8100,8100,8100,8100,8100,9900
WORLD FUEL SERVICES,4400,4400,4400,3600,5400,4400,3600,3600,3600,2900,2900,4400,4400,4400,5400,4400,6600,5400,5400,4400,5400,4400,4400,5400
TERADYNE,5400,4400,5400,4400,3600,4400,3600,4400,4400,3600,3600,4400,4400,4400,4400,5400,4400,4400,4400,3600,4400,3600,3600,5400
MYRIAD GENETICS,9900,9900,9900,9900,8100,8100,8100,8100,8100,6600,6600,8100,8100,8100,8100,6600,6600,6600,6600,6600,6600,5400,5400,6600
REGAL BELOIT,4400,4400,4400,4400,5400,5400,4400,5400,5400,3600,8100,5400,5400,5400,5400,5400,5400,5400,5400,5400,5400,4400,4400,5400
CSRA,2400,1600,1600,1600,1600,1600,1600,1600,1600,1600,1600,1600,1600,1900,1900,1600,1600,1900,1900,1900,1900,8100,14800,18100
NEWFIELD EXPLORATION,6600,6600,6600,5400,5400,6600,5400,6600,6600,5400,5400,8100,6600,6600,12100,9900,8100,8100,8100,6600,6600,5400,4400,5400
SEATTLE GENETICS,6600,8100,6600,6600,6600,6600,5400,6600,6600,5400,5400,6600,6600,8100,6600,6600,6600,6600,6600,6600,6600,5400,5400,6600
OUTFRONT MEDIA,0,0,0,0,0,0,0,0,2400,3600,5400,6600,6600,6600,6600,6600,6600,6600,6600,6600,6600,6600,5400,6600
WOLVERINE WORLD WIDE,4400,5400,5400,5400,4400,5400,5400,5400,6600,5400,5400,5400,5400,6600,6600,5400,5400,5400,6600,6600,6600,6600,5400,5400
DST SYSTEMS,6600,6600,6600,5400,5400,5400,5400,6600,6600,5400,5400,6600,8100,8100,6600,5400,5400,6600,5400,5400,5400,4400,4400,5400
JABIL CIRCUIT,3600,4400,3600,4400,4400,3600,3600,4400,4400,2900,3600,3600,3600,4400,3600,3600,4400,4400,3600,4400,3600,2900,2900,3600
EPAM SYSTEMS,1000,1600,1000,1000,1300,1300,1000,1000,1300,1300,1000,1300,1300,1300,1300,1300,1300,1600,1300,1600,1600,1600,1600,1900
CAVIUM,2900,2900,3600,3600,4400,3600,3600,4400,4400,3600,2900,3600,4400,4400,4400,4400,4400,4400,3600,3600,4400,3600,2900,3600
POST PROPERTIES,8100,8100,8100,9900,8100,9900,8100,8100,8100,8100,6600,8100,8100,8100,8100,8100,8100,8100,6600,6600,5400,5400,5400,6600
ABIOMED,2900,2900,2900,2900,2900,2900,2900,2900,2900,2400,2400,4400,3600,5400,4400,4400,4400,4400,5400,4400,5400,4400,4400,5400
QUANTA SERVICES,4400,4400,4400,4400,4400,4400,4400,4400,4400,4400,3600,4400,4400,5400,5400,4400,4400,5400,5400,4400,6600,4400,3600,5400
IPG PHOTONICS,3600,3600,3600,3600,4400,5400,5400,5400,5400,4400,3600,4400,5400,5400,4400,4400,4400,4400,4400,4400,4400,4400,3600,4400
TARGA RESOURCES,4400,4400,4400,4400,6600,4400,4400,5400,9900,4400,4400,5400,5400,8100,6600,5400,6600,6600,6600,6600,6600,6600,6600,8100
AXALTA COATING SYSTEMS,1600,1900,2400,1900,2400,2400,2400,2400,2900,3600,1900,2400,2900,3600,5400,2900,2900,2400,3600,3600,3600,3600,2900,2900
CIMPRESS,10,10,10,20,30,20,320,70,170,1900,1600,1900,1900,1900,2400,1900,1900,2400,2900,2900,2900,2400,2400,2900
FLIR SYSTEMS,3600,3600,3600,2900,2900,3600,3600,3600,3600,2900,2900,3600,3600,3600,3600,2900,2900,3600,2900,2900,2900,2900,2900,3600
ENERGEN,3600,2900,3600,2900,2900,2900,2900,2900,3600,2900,2400,2900,3600,2900,2900,2900,2900,2900,3600,2900,2400,2900,2400,3600
ACADIA HEALTHCARE,2400,2400,2900,2400,3600,2900,2900,2900,4400,3600,3600,4400,5400,5400,5400,5400,5400,5400,6600,8100,6600,6600,5400,8100
HEALTHCARE SERVICES GROUP,5400,6600,5400,4400,5400,5400,5400,5400,6600,4400,5400,8100,6600,5400,6600,5400,5400,5400,5400,5400,6600,6600,5400,8100
SKECHERS USA,590,720,880,720,720,880,1000,1300,1600,1600,1600,1300,880,1600,1600,1300,720,880,1600,1900,1900,880,720,720
PBF ENERGY,2400,2900,3600,4400,2900,2900,3600,2900,3600,2900,2900,2900,2900,2900,2900,2900,8100,4400,4400,5400,9900,5400,4400,5400
ROWAN COMPANIES,4400,4400,5400,5400,5400,5400,4400,4400,4400,3600,4400,5400,4400,4400,4400,3600,3600,4400,4400,3600,3600,2900,2900,3600
WESTERN REFINING,4400,5400,5400,5400,4400,4400,5400,5400,5400,4400,4400,6600,5400,5400,5400,5400,5400,5400,5400,5400,5400,4400,4400,5400
BROWN and BROWN,6600,6600,6600,6600,6600,6600,6600,6600,6600,5400,5400,6600,6600,6600,6600,5400,6600,5400,5400,4400,4400,3600,3600,4400
SUN COMMUNITIES,2900,4400,3600,3600,3600,4400,5400,4400,4400,4400,4400,5400,5400,5400,5400,5400,5400,5400,6600,5400,5400,4400,4400,5400
CACI INTERNATIONAL,2900,2900,3600,2900,3600,3600,3600,3600,3600,2900,2900,3600,2900,3600,3600,3600,3600,4400,4400,3600,4400,3600,4400,5400
VISTA OUTDOOR,20,30,10,20,10,20,390,480,480,480,590,1300,5400,4400,3600,4400,4400,5400,5400,4400,4400,4400,4400,6600
JANUS CAPITAL,1600,1600,1300,1300,1300,1600,1300,12100,5400,2900,2900,3600,2400,2400,2900,2400,2900,3600,2400,2900,2900,2400,2400,2900
LIVE NATION ENTERTAINMENT,1600,1900,1900,1900,1600,1900,1900,1900,2400,2400,1900,2400,2400,4400,3600,2900,3600,3600,3600,3600,2900,2900,2400,2900
GATX,2400,2900,2900,2900,2900,2900,2900,2900,2900,2400,2400,2900,2900,2900,2900,2900,2900,2900,2900,2900,2900,2400,1900,2900
FOSSIL GROUP,590,880,720,720,720,720,720,1000,1000,1300,720,880,1600,1300,1300,1600,1600,1300,1600,1600,1600,2900,1600,1600
PARAMOUNT GROUP,720,880,880,880,880,1300,1600,1600,1000,4400,1300,1000,1300,1600,1300,1300,1300,1000,1300,1000,1300,1000,1300,1300
OPKO HEALTH,4400,3600,3600,2900,2900,2400,3600,2400,1900,2400,4400,3600,5400,2900,2400,2900,6600,2900,3600,3600,2900,2900,2400,2400
ROYAL GOLD,1600,1600,1600,1300,1000,1300,1000,880,1300,1000,1000,1300,1000,1000,1000,1000,880,1300,1300,1000,1000,1600,1000,1600
FEDERATED INVESTORS,4400,4400,4400,3600,4400,4400,4400,4400,4400,3600,3600,4400,4400,4400,4400,3600,3600,4400,3600,3600,4400,3600,3600,4400
RAYONIER,4400,4400,4400,6600,6600,5400,4400,4400,4400,6600,4400,4400,3600,4400,3600,4400,5400,3600,3600,2900,2900,2900,2400,2900
J2 GLOBAL,2900,2900,2400,2400,2400,2900,2400,2400,2400,1900,2900,2900,2900,2900,2900,2400,2400,2400,2400,2400,2400,2400,2400,2900
FLOWERS FOODS,3600,3600,3600,5400,3600,3600,3600,3600,3600,3600,2900,3600,3600,3600,3600,3600,3600,3600,5400,4400,4400,3600,3600,4400
LOUISIANA PACIFIC,2400,2400,2400,2400,2400,2400,2400,2400,2400,2400,2400,2400,2900,2900,2900,2400,2900,2900,2400,2400,2400,1900,1900,2400
ULTRAGENYX,2900,2400,2400,1600,1900,1900,1900,1900,1900,1900,1900,2900,2900,2900,3600,2900,2900,4400,3600,3600,4400,2900,2900,4400
CST BRANDS,2400,2900,2900,2400,2400,2400,4400,2900,2900,3600,2900,3600,3600,3600,2900,2900,2900,2900,3600,3600,2900,4400,4400,4400
DRIL QUIP,2900,2400,2400,2400,2400,2400,2400,2400,2400,1900,1900,2400,2400,2400,2400,1900,2400,2400,2400,2400,1900,1600,1300,1900
COMPASS MINERALS,1900,1600,1600,1300,1600,1900,1600,1900,2400,2400,1900,2400,2400,2900,2400,2400,2400,2400,2400,2900,2900,2900,2900,2900
OLD DOMINION FREIGHT LINE,2400,4400,5400,3600,2900,2900,2400,2400,2400,1900,2400,2900,2900,3600,3600,3600,3600,4400,4400,3600,3600,2900,2900,4400
PDC ENERGY,3600,4400,4400,3600,2900,3600,3600,3600,3600,2900,2900,3600,3600,3600,3600,3600,3600,3600,4400,3600,3600,3600,3600,3600
BIO RAD LABORATORIES,1600,1600,1600,1600,1600,1600,1600,1900,1900,1900,1300,1600,1600,1900,1900,1600,1900,1900,1900,1900,1900,1900,1600,1900
THOR INDUSTRIES,2900,3600,3600,2900,3600,2900,2900,2900,2900,2400,2900,3600,2900,3600,3600,2900,3600,3600,3600,4400,2900,2900,2900,2900
LITHIA MOTORS,2900,2900,2900,2400,4400,2900,2900,2900,4400,2900,2900,3600,3600,3600,3600,3600,3600,4400,3600,4400,3600,2900,2900,3600
ASPEN TECHNOLOGY,2900,2400,2400,2400,1900,2400,2400,2400,2400,1900,1900,2400,2400,2400,2400,2900,2400,2900,2400,2400,2400,2400,2400,2900
AMSURG,1900,1900,2400,4400,4400,3600,2900,2900,2900,2400,1900,2900,2900,2900,2900,2900,2900,2900,3600,3600,6600,4400,2900,3600
CYRUSONE,1900,1900,2400,1900,2400,2400,2400,2400,2400,1900,1900,2400,2400,2400,2900,2400,2900,2900,2900,2400,2400,2900,2400,3600
SOUTHERN COPPER,880,880,720,720,590,880,720,720,720,590,590,880,720,720,1000,720,590,880,880,720,720,480,590,720
GENESEE and WYOMING,2900,2900,3600,3600,3600,3600,3600,3600,3600,3600,3600,4400,4400,4400,3600,2900,2900,3600,3600,2900,2900,2400,2400,3600
MONRO MUFFLER BRAKE,880,1300,1300,1300,1300,1600,1600,1000,1000,1300,1000,1300,1300,1900,2900,4400,5400,4400,3600,3600,3600,3600,2900,3600
CLARCOR,1900,2400,2400,2400,2400,2400,1900,2400,2400,1900,1900,2400,2400,2900,2400,2400,2900,2400,2400,2400,2400,2400,1900,2900
POST HOLDINGS,2400,1900,3600,2400,1900,1600,2900,1900,2900,2400,1600,4400,2900,2400,2400,4400,2400,2400,3600,2900,2400,2900,2400,1900
PANDORA MEDIA,1300,1300,2900,2400,1000,1300,1000,1300,1600,1300,1300,1900,1900,1900,1900,1600,1300,1300,1300,1300,1900,1600,1600,2900
NATIONAL FUEL GAS,3600,3600,3600,3600,2900,3600,3600,2900,3600,2900,2900,3600,2900,3600,3600,2900,2900,2900,2900,2900,2900,2900,2900,3600
PAREXEL INTERNATIONAL,1000,1000,1000,1000,1300,1300,1000,1300,1300,1000,1000,1300,1000,1300,1300,1000,1300,1300,1000,1000,1000,1000,1000,1300
TUPPERWARE BRANDS,590,720,590,590,590,590,590,590,590,590,480,590,590,590,720,590,480,590,480,480,590,480,390,590
VERINT SYSTEMS,1600,1900,1900,1600,2400,2400,1900,2400,2900,1900,1600,1900,1600,1900,1900,1600,1600,1600,1600,1600,1600,1000,1000,1300
GULFPORT ENERGY,3600,3600,3600,4400,2900,2900,3600,2400,2900,2900,2400,2900,3600,2900,3600,2900,3600,2900,2900,2400,2400,2900,1900,2400
BURLINGTON STORES,590,1000,1000,1000,1000,1300,1300,1600,1600,2400,2400,1600,1600,2400,1900,2400,1900,1900,2900,2900,2900,2900,3600,2900
WESCO INTERNATIONAL,1000,1000,1000,2400,3600,3600,3600,3600,4400,3600,3600,3600,2900,2900,2900,1900,2400,2400,2400,1900,2400,1900,1600,1900
WELLCARE HEALTH PLANS,1900,1900,1900,1900,1900,2400,1900,1900,2400,1900,1900,2400,2400,2400,2400,1900,2400,2400,2400,2900,2900,2900,2900,3600
LIVANOVA,0,0,0,0,0,0,0,0,0,0,0,0,0,0,0,0,320,260,140,260,1900,1900,1300,1900
MEDIDATA SOLUTIONS,1900,1900,1900,1600,1600,1600,1300,1900,1900,1600,1600,1900,1900,1900,1900,1600,1900,1900,1900,1900,1900,1600,1600,1900
SOLERA HOLDINGS,880,720,720,1000,880,1000,1000,880,880,880,720,1000,1000,1300,1600,1600,1300,1600,2900,4400,1600,1300,1000,1300
ALNYLAM PHARMACEUTICALS,1000,1000,880,1000,880,1000,880,1000,1600,1000,1300,1600,1600,1900,1900,1600,2400,1600,1900,1600,1900,1900,1600,1900
RELIANCE STEEL,1900,1900,1900,1900,1900,1900,1900,1900,2400,1600,1900,1900,1900,2400,2400,1900,1900,2400,1900,1900,2400,1600,2400,2400
FAIR ISAAC,1600,1900,1900,1600,1600,1600,2900,1900,1600,1300,1300,1900,1600,1900,2400,1900,1600,1600,1600,1600,1600,1300,1300,1600
IMPAX LABORATORIES,1600,1600,1900,1600,1600,1900,1900,1600,2400,1600,1300,1900,1600,2400,1900,1900,1900,1900,1900,2400,1900,1600,1600,2400
ENERGIZER HOLDINGS,1300,1600,2400,1900,1600,1600,1600,1600,1600,1600,1300,1600,1900,1900,2400,1900,2400,2900,1600,1300,1300,1000,880,1000
NORTHSTAR REALTY FINANCE,1900,1900,2900,2400,1900,2400,2400,2400,1900,1900,2400,1900,1900,2400,1900,1900,1900,1600,1900,1600,1900,2900,1900,2900
BRIGHT HORIZONS FAMILY SOLUTIONS,1300,1600,1300,1300,1300,1600,1600,1600,1600,1300,1300,1600,1600,1900,1900,1900,1900,1600,1900,1900,1900,1600,1600,1900
INTEGRATED DEVICE TECHNOLOGY,1300,1300,1000,1000,1300,1300,1300,1600,1600,1000,880,1000,1600,1300,1300,1600,1600,1600,1600,1300,1300,1600,1000,1300
ASSURED GUARANTY,2400,1900,1600,1600,1900,2400,1600,1600,1600,1600,1900,1600,1900,1900,1900,1900,2900,2400,1900,1600,1600,1600,1600,1600
PROASSURANCE,1900,1900,1900,1900,1900,1900,1900,1900,2400,1600,1600,1900,1900,1900,2400,2400,2400,2400,2400,2400,2400,1900,1900,1900
BIO TECHNE,0,0,0,0,0,720,720,720,880,880,880,1300,1300,1300,1300,1000,1300,1300,1300,1300,1600,1300,1000,1300
EURONET WORLDWIDE,480,590,590,480,320,480,390,390,590,390,390,480,590,590,720,480,480,720,590,590,590,590,480,590
ALLETE,1300,1600,1600,1300,1300,1600,1300,1600,1600,1300,1600,2400,2400,1900,1600,1600,1600,1600,1600,1300,1300,1300,1600,1900
GUIDEWIRE SOFTWARE,1000,1000,1000,1000,1000,1000,1000,1300,1300,1000,1000,1300,1300,1600,1300,1000,1000,1000,1000,1000,1000,1000,1000,1300
COMPUTER SCIENCES,590,590,590,590,480,590,590,880,720,720,590,720,720,720,590,880,1000,720,720,720,880,880,720,880
VECTOR GROUP,1000,1300,1000,1000,880,880,880,1000,880,720,720,1300,1000,1000,1000,880,1000,1000,880,1000,880,880,590,880
MONOLITHIC POWER SYSTEMS,880,880,880,720,880,880,1000,1000,1000,880,720,880,1000,1000,1000,880,1000,1000,1000,1000,1000,880,720,1000
WEST PHARMACEUTICAL SERVICES,720,720,590,720,720,720,720,880,1000,720,720,880,880,880,1000,880,880,1000,880,1000,1000,720,720,1000
EQUITY ONE,1900,1900,2400,1900,1900,1900,1600,1900,1900,1300,1300,1600,1900,2400,1900,1600,1900,1600,1600,1300,1600,1300,1300,1600
ALLEGIANT TRAVEL,1300,1300,1300,1000,1300,1000,880,1000,1000,1000,1000,1600,1600,1600,1300,1600,1600,1600,1600,1600,1600,1600,1600,2900
AMERICAN FINANCIAL GROUP,1600,1900,1600,1600,1600,1600,1600,1600,1600,1300,1300,1600,1600,1900,1900,1600,1600,1600,1600,1600,1600,1600,1300,1900
PNM RESOURCES,1600,1900,1900,1900,1600,1900,1600,1600,1600,1600,1600,1900,1600,1900,1900,1900,1900,1900,1900,1600,1600,1300,1300,1600
WATSCO,1300,1300,1300,1300,1300,1600,1300,1300,1600,1300,1000,1600,1900,1600,1900,1600,1600,1600,1600,1300,1600,1300,1000,1600
DOUGLAS EMMETT,1300,1600,1300,1300,1300,1600,1600,1600,1600,1600,1300,1900,1900,1900,1600,1600,1600,1600,1900,1600,1600,2400,1600,1900
AMERCO,1000,1000,1000,1000,880,1000,1000,1000,1000,1000,720,880,1000,1000,880,1000,880,1300,1600,1300,1300,1300,1000,1000
BALCHEM,880,1300,1900,1300,1000,1000,880,1000,1300,1000,720,1300,1000,1000,1300,1000,1300,1300,1300,1000,1000,880,720,2400
OCEANEERING INTERNATIONAL,1000,1000,1000,1000,1300,1300,1300,1300,1300,1000,1000,1000,1000,1000,1000,1300,1300,1000,1300,1000,1000,880,720,880
HIGHWOODS PROPERTIES,1600,1900,1900,1600,1600,1600,1600,1900,1600,1600,1900,1900,1600,1600,1600,1600,1900,1900,1600,1900,1900,1600,1300,1900
ANACOR PHARMACEUTICALS,720,1000,880,880,880,1300,720,720,880,720,720,720,720,1300,1000,880,1000,3600,1600,1300,1300,1000,880,1600
CANTEL MEDICAL,590,720,590,720,880,720,590,720,1300,880,720,1000,720,1000,880,720,880,880,720,1000,880,880,1000,1000
HANOVER INSURANCE GROUP,1300,1600,1300,1600,1300,1600,1300,1600,1600,1600,1300,1600,1300,1600,1600,1600,1600,1600,1600,1600,1600,1300,1300,1600
LIFEPOINT HEALTH,50,70,50,40,50,50,70,70,90,50,50,50,90,110,90,880,1300,1900,1900,1600,2400,2400,2400,3600
TELEDYNE TECHNOLOGIES,1300,1300,1600,1600,1300,1600,1300,1600,1600,1300,1300,1300,1300,1300,1300,1300,1300,1300,1000,1000,1300,1000,1000,1300
RYDER SYSTEM,1000,1000,1000,1000,1000,1000,1000,1000,1300,1000,880,1300,1000,1300,1300,1300,1300,1300,1000,1300,1600,1000,1000,1300
HAIN CELESTIAL GROUP,1000,1000,1000,1000,1000,1300,1600,1300,1300,1300,1000,1300,1300,1600,1300,1000,1000,1300,1000,1000,880,1000,880,1000
EMCOR GROUP,1000,1000,1000,1000,1000,1000,1000,1000,1300,1000,1000,1300,1300,1300,1300,1300,1000,1300,1000,1300,1300,1000,1000,1300
ZILLOW GROUP,0,0,0,0,0,0,0,0,0,0,0,0,590,720,720,590,590,880,1900,1900,1900,1600,1600,1900
APTARGROUP,720,720,720,590,720,720,480,720,720,390,480,590,590,590,720,590,720,720,590,720,720,590,480,880
MACQUARIE INFRASTRUCTURE,720,590,480,590,590,1300,590,720,1000,590,720,880,1300,1000,1000,1300,1000,880,1000,720,880,720,720,720
NORTHSTAR ASSET MANAGEMENT,170,210,320,210,320,880,590,590,720,880,720,720,880,880,1300,880,880,880,1000,880,1600,1000,1000,2400
COUSINS PROPERTIES,1300,1600,1600,1600,1600,1900,1900,1600,1600,1600,1600,1600,1600,1600,1600,1600,1600,1600,1600,1600,1600,1300,1000,1600
ONE GAS,2400,1300,1300,1300,1300,1300,1600,1600,1600,1000,1000,1300,1300,1600,1300,1300,1000,1300,1300,1600,1300,1000,1000,1600
ALLIED WORLD ASSURANCE,1000,1000,1000,880,880,880,880,720,880,720,590,720,880,880,1000,720,720,880,720,880,880,720,590,880
EQUITY COMMONWEALTH,0,0,0,40,320,480,1300,1300,1600,1300,1000,1300,1600,1600,1300,1600,1600,1600,1300,1000,1300,1000,880,880
CHEMED,1000,880,1000,1000,880,1000,880,1000,1300,1000,1300,1300,1300,1300,1000,1000,1300,1600,1300,880,1300,1000,1000,1000
NEUROCRINE BIOSCIENCES,880,720,590,590,590,590,590,590,720,590,720,1300,1300,1000,880,880,1000,1000,1000,1300,1600,880,1000,1300
SENSIENT TECHNOLOGIES,880,1000,1000,880,720,880,880,720,880,720,720,880,720,880,880,720,720,1000,880,880,880,720,590,880
FULTON FINANCIAL,1300,1300,1300,1300,1600,1600,1000,1300,1300,1300,1000,1300,1300,1600,1300,1300,1600,1300,1300,1300,1300,1000,1000,1300
LIONS GATE ENTERTAINMENT,1000,1600,1000,1000,880,880,1000,1900,2400,2900,1600,880,720,720,720,590,590,590,590,590,590,880,480,590
BRIXMOR PROPERTY GROUP,1000,1000,1000,1000,1000,1000,1000,1000,1300,1000,880,1300,1000,1600,1000,1300,1600,1300,1000,1300,1300,1000,1000,1300
DANA HOLDING,480,480,590,480,480,390,390,390,480,390,390,590,390,480,480,480,390,590,390,390,480,390,390,480
AMTRUST FINANCIAL SERVICES,720,720,590,720,720,720,720,880,880,880,880,880,720,1000,880,1000,1300,1000,880,1000,1300,1000,1000,1300
SNYDERS LANCE,880,1000,1000,1000,880,880,1000,880,880,880,720,1300,1000,1000,1000,880,1000,1000,1000,1000,1600,1300,1000,1600
CNO FINANCIAL GROUP,880,880,880,720,720,880,720,880,880,720,720,880,880,880,880,1000,1000,1000,1000,1000,1000,880,880,1000
RADIAN GROUP,880,880,720,1000,880,1000,880,720,880,590,720,590,720,880,880,720,720,720,720,720,720,590,590,720
TAUBMAN CENTERS,720,880,720,720,1000,720,720,590,880,720,720,880,880,880,1600,880,880,720,880,1000,1000,1300,1300,1600
EPR PROPERTIES,720,1000,720,720,720,1000,590,880,720,1000,880,880,1900,1000,1000,880,880,880,720,720,880,1300,720,1600
EAGLE MATERIALS,1000,1000,1000,1000,1000,1000,880,1000,1600,1000,1000,1000,1300,1300,1000,1000,880,880,1300,880,1000,720,590,1300
BWX TECHNOLOGIES,110,110,110,110,90,90,90,110,110,170,110,110,140,170,210,170,480,1600,1600,1900,1600,1600,1300,1600
SPIRIT REALTY CAPITAL,1300,1600,1300,1300,1000,1000,1000,1000,1000,880,880,1000,1300,1300,1300,1000,1000,880,1000,1000,1300,1300,880,1000
URBAN EDGE PROPERTIES,0,0,0,0,0,0,0,0,0,0,390,1900,1000,1000,1300,1000,1000,880,880,1000,1000,1000,880,1300
DCT INDUSTRIAL,1000,1000,1000,1000,1000,1000,1000,1000,1000,1000,880,1000,1000,1000,1000,1300,1000,1000,1000,1000,1000,1000,720,1000
LASALLE HOTEL PROPERTIES,880,720,1000,720,720,720,720,880,880,720,880,1000,1000,880,880,720,880,1300,880,880,1300,880,590,1000
AIR LEASE,1000,1000,1300,1300,1000,1000,720,880,720,880,720,880,880,880,720,880,720,720,720,590,720,590,480,720
AVANGRID,0,0,0,0,0,0,0,0,0,0,0,0,0,0,0,0,0,0,0,0,0,1000,4400,2900
RETAIL PROPERTIES OF AMERICA,1300,1600,1300,1300,1000,1000,1000,880,1000,880,880,1000,1300,1300,1000,1000,880,1000,880,720,880,880,590,880
CARE CAPITAL PROPERTIES,0,0,0,0,0,0,0,0,0,0,0,0,0,0,0,0,0,0,3600,1900,1300,1000,880,1000
NEW JERSEY RESOURCES,720,720,720,880,590,590,480,720,720,590,590,880,1000,1300,1000,1000,880,720,720,720,880,880,720,880
GREAT PLAINS ENERGY,880,880,880,880,880,880,880,720,880,720,720,880,880,880,880,720,720,880,880,720,880,880,720,880
QLIK TECHNOLOGIES,590,720,720,480,480,720,480,480,480,390,320,480,480,480,590,590,590,720,590,590,590,590,480,480
FIRST AMERICAN FINANCIAL,880,880,1000,720,720,880,720,720,880,590,720,880,880,1000,880,880,880,1000,880,720,720,590,590,880
PACWEST BANCORP,590,720,880,590,480,480,480,480,590,480,480,720,720,1600,880,590,590,590,590,590,720,480,480,880
SOVRAN SELF STORAGE,590,590,590,590,590,590,590,590,720,590,590,720,720,590,720,590,590,590,590,590,590,720,720,1000
WESTERN ALLIANCE,260,320,320,320,390,390,320,480,390,390,390,480,480,590,590,480,480,590,480,480,480,480,590,590
SILGAN HOLDINGS,480,390,480,390,390,480,390,390,590,320,320,390,720,880,480,390,590,720,590,480,590,480,390,480
SALLY BEAUTY HOLDINGS,390,590,590,590,480,590,390,390,480,480,390,480,480,480,480,720,590,480,480,480,480,590,480,590
MARKET AXESS,390,320,320,320,390,390,320,320,390,320,260,320,390,390,390,390,390,480,390,480,480,390,390,480
MFA FINANCIAL,720,720,720,720,590,590,720,590,590,480,480,590,590,590,590,590,480,590,720,720,590,720,590,720
LACLEDE GROUP,480,590,1600,590,720,720,720,880,590,480,480,720,720,720,720,590,590,590,590,590,720,880,720,720
WINTRUST FINANCIAL,590,590,720,590,590,720,590,590,720,480,590,720,720,880,880,720,880,720,720,590,720,590,480,720
IONIS PHARMACEUTICALS,0,0,0,0,0,0,0,0,0,0,0,0,0,0,0,0,0,0,0,0,0,0,1900,5400
LIBERTY BROADBAND,10,50,40,210,70,320,210,260,480,1300,1300,1000,590,720,720,1300,720,390,390,390,390,480,260,320
HERTZ GLOBAL HOLDINGS,480,590,480,390,720,390,590,590,480,590,390,590,480,390,480,480,480,880,480,390,390,390,320,390
CHIMERA INVESTMENT,480,480,390,320,390,390,320,320,390,390,320,480,480,480,880,480,720,590,590,590,480,480,590,480
G III APPAREL GROUP,320,320,320,260,320,320,320,390,390,390,390,390,320,320,320,320,590,390,480,480,590,590,590,720
WGL HOLDINGS,880,880,590,590,590,590,720,590,720,720,720,720,880,880,590,590,590,590,590,480,590,720,480,720
RYMAN HOSPITALITY PROPERTIES,590,720,590,590,590,480,480,480,480,390,390,480,590,590,720,590,590,590,720,590,720,720,480,720
OLD REPUBLIC INTERNATIONAL,480,590,590,480,480,590,590,590,590,390,480,590,590,590,720,590,590,590,590,480,590,590,480,590
UMB FINANCIAL,480,480,590,480,480,590,590,480,590,480,880,720,720,720,720,590,720,590,590,590,590,590,480,590
HAWAIIAN HOLDINGS,260,390,390,320,320,320,210,170,260,320,480,1000,1000,720,720,480,320,480,260,210,720,480,320,590
B AND G FOODS,480,480,720,590,480,480,390,390,480,480,390,480,480,590,480,480,480,480,590,1300,590,590,480,720
SUNSTONE HOTEL INVESTORS,390,390,390,390,480,480,480,480,480,480,390,720,590,590,480,590,480,480,480,590,590,480,720,720
GAMING AND LEISURE PROPERTIES,0,0,0,720,480,1000,590,590,590,390,320,390,480,880,590,590,480,880,390,480,480,480,590,480
IAC INTERACTIVE,390,480,480,390,480,480,390,480,390,390,320,320,480,390,320,390,480,390,390,320,1000,480,390,320
MARVELL TECHNOLOGY GROUP,210,260,390,390,260,260,210,170,260,210,140,210,260,210,210,210,210,210,210,390,320,210,260,260
TRIBUNE MEDIA COMPANY,20,20,20,40,70,170,590,720,720,480,390,320,320,590,590,590,480,390,480,320,320,390,590,720
FIRST NIAGARA FINANCIAL GROUP,480,480,480,390,480,590,480,480,720,480,390,480,480,590,480,390,480,390,390,720,880,480,320,390
HAWAIIAN ELECTRIC INDUSTRIES,590,720,590,720,720,480,480,480,480,390,1600,720,590,590,590,720,590,480,480,390,390,390,320,390
IDACORP,590,590,590,480,480,480,480,480,720,590,590,590,590,590,480,480,590,590,480,480,590,480,390,480
TCF FINANCIAL,390,390,590,390,390,390,390,480,480,320,390,480,590,720,590,480,590,590,480,480,390,390,390,480
TELEPHONE and DATA SYSTEMS,590,590,590,720,590,590,590,590,590,480,390,480,480,590,480,480,480,390,320,320,390,480,390,480
COMMERCE BANCSHARES,480,480,480,480,590,590,480,390,480,480,480,590,480,590,590,390,480,480,480,390,390,390,390,480
KITE REALTY GROUP,880,590,480,590,590,1000,880,590,590,480,480,590,480,590,590,480,590,480,480,480,590,480,390,590
TEMPUR SEALY INTERNATIONAL,210,260,260,210,210,210,210,260,260,210,210,210,260,260,320,320,260,320,260,390,320,320,260,390
LANDSTAR SYSTEM,320,390,320,320,320,390,390,390,390,320,320,390,390,390,390,390,480,480,390,480,390,390,320,390
BROCADE COMMUNICATIONS SYSTEMS,210,210,210,170,210,210,170,170,260,260,170,210,170,210,170,170,210,260,210,210,260,170,260,480
DUPONT FABROS TECHNOLOGY,320,390,390,390,390,390,260,260,390,260,260,390,390,320,390,320,390,390,390,320,390,390,320,320
CHICAGO BRIDGE and IRON COMPANY,140,170,320,320,170,210,260,390,260,210,320,320,320,260,590,390,390,480,390,390,390,320,320,390
LEIDOS HOLDINGS,0,0,0,0,0,0,260,390,260,260,210,210,260,260,320,320,260,480,320,260,320,390,320,1000
GLACIER BANCORP,390,390,480,480,320,480,390,390,480,390,480,590,390,480,480,480,590,480,480,390,480,390,390,590
ACADIA REALTY,320,320,390,480,480,590,590,480,590,480,390,390,390,480,480,480,480,590,590,590,480,390,320,390
GNC HOLDINGS,480,320,260,260,320,390,320,320,320,260,170,170,320,260,260,170,170,210,210,210,480,390,170,260
LIBERTY PROPERTY,320,260,320,260,260,260,260,260,260,210,260,320,320,390,320,260,320,320,320,320,320,260,260,390
NATIONAL HEALTH INVESTORS,390,480,320,320,320,320,320,260,320,320,390,390,480,320,390,320,320,390,590,390,390,320,320,320
WEINGARTEN REALTY INVESTORS,260,390,320,390,390,480,320,320,320,260,210,320,320,390,390,320,320,480,390,320,320,260,320,210
PROSPERITY BANCSHARES,590,720,720,720,720,880,720,720,720,590,590,720,480,390,390,320,390,390,320,210,320,260,260,480
UNITED BANKSHARES,260,260,320,210,260,260,210,210,320,260,210,320,320,320,260,210,320,320,390,390,390,720,320,390
VALIDUS HOLDINGS,210,210,210,210,480,210,170,170,320,210,140,210,210,210,210,210,210,260,210,210,210,210,210,260
BRANDYWINE REALTY,390,390,390,480,390,480,390,480,590,480,390,480,480,480,480,480,390,390,320,320,320,260,260,260
VERIFONE SYSTEMS,210,320,210,170,260,170,210,260,320,210,320,260,210,260,210,210,260,210,210,210,170,170,170,170
GRAND CANYON EDUCATION,260,260,210,260,260,260,210,210,590,480,260,260,260,260,210,260,210,210,260,260,210,210,210,210
ASPEN INSURANCE HOLDINGS,210,210,720,320,390,390,320,260,320,260,170,320,320,260,260,210,260,260,170,210,210,210,210,260
HILL ROM HOLDINGS,170,170,170,140,170,170,140,210,170,170,170,210,140,210,210,170,480,260,320,320,260,210,210,260
ENDURANCE SPECIALTY HOLDINGS,210,210,390,320,390,320,260,260,260,260,210,260,320,320,260,260,260,260,260,210,210,320,210,210
CINEMARK HOLDINGS,210,170,260,210,170,170,170,140,210,170,210,170,210,210,210,210,170,170,480,390,320,260,210,260
WEBSTER FINANCIAL,260,320,320,260,260,210,210,390,260,210,170,260,320,480,320,210,320,260,260,210,260,210,210,260
HOME BANCSHARES,390,390,480,390,210,390,320,260,320,170,210,260,210,260,390,260,390,390,320,260,390,320,210,260
SCOTTS MIRACLE GROW,390,390,320,320,210,210,210,210,260,210,210,260,320,260,390,320,260,210,210,210,210,210,210,260
EAST WEST BANCORP,210,260,260,210,210,320,260,210,260,210,170,260,210,260,260,210,320,320,260,210,210,260,170,260
HD SUPPLY HOLDINGS,90,140,140,170,170,170,140,210,210,210,170,170,170,260,210,170,260,260,210,320,260,210,210,210
TORO CO,90,140,110,140,140,140,140,140,110,140,140,140,170,170,210,210,170,170,170,210,140,140,140,140
HEALTHCARE REALTY,260,260,260,260,210,260,210,260,320,210,210,260,260,320,320,260,260,260,320,320,320,320,260,390
MDU RESOURCES GROUP,260,320,210,210,320,210,170,210,260,260,260,260,210,260,210,260,320,320,260,260,210,260,210,260
VALLEY NATIONAL BANCORP,110,170,210,210,210,170,140,170,170,170,140,170,170,170,170,260,320,210,170,140,140,110,140,170
CULLEN FROST BANKERS,140,140,170,170,170,170,170,170,170,170,210,320,210,210,170,170,260,210,260,210,210,210,210,390
INVESTORS BANCORP,170,590,880,1000,320,260,260,260,260,170,210,260,210,320,480,320,260,210,210,170,260,170,170,210
APPLE HOSPITALITY,70,210,140,140,110,140,70,90,90,70,90,90,110,260,170,720,320,210,260,260,260,210,170,170
TEAM HEALTH HOLDINGS,140,140,140,140,170,170,110,170,210,170,140,140,170,140,140,170,170,170,320,170,390,260,170,210
CASEYS GENERAL STORES,210,210,260,210,260,260,260,260,210,210,210,210,210,260,210,210,260,260,260,260,260,210,320,390
SONOCO PRODUCTS CO,70,110,90,70,90,110,110,110,140,140,90,110,140,260,210,170,140,170,170,110,140,140,140,170
WEBMD HEALTH,170,140,170,140,170,140,140,140,210,170,170,210,170,170,210,170,170,140,170,140,170,210,140,210
CATHAY GENERAL BANCORP,170,170,210,140,170,170,170,170,140,110,90,170,140,140,170,140,210,210,170,140,140,170,140,210
TWO HARBORS INVESTMENT,390,260,260,260,210,260,170,260,260,210,210,260,260,320,260,210,260,210,260,210,260,260,170,210
PRIVATEBANCORP,210,210,260,210,210,210,140,210,210,210,170,170,140,210,210,170,210,210,210,170,260,210,140,260
CALATLANTIC GROUP,0,0,0,0,0,0,0,0,0,0,0,0,0,0,0,0,0,0,0,140,880,320,390,590
COMMUNICATIONS SALES AND LEASING,0,0,0,0,0,0,0,0,0,0,0,0,0,0,590,390,260,210,210,140,140,210,140,320
TIMKEN CO,260,170,170,170,260,260,140,210,170,140,140,170,170,170,170,170,140,170,170,210,140,140,110,140
SYNOVUS FINANCIAL,210,260,260,320,260,260,210,260,210,170,170,210,210,210,210,170,170,210,170,170,210,170,140,170
DUNKIN BRANDS GROUP,170,140,170,110,110,110,70,110,140,140,110,140,170,170,170,110,90,110,110,140,170,140,90,110
PATTERSON UTI ENERGY,170,210,170,140,140,210,170,140,170,170,140,170,210,170,170,110,140,140,170,140,210,110,110,140
SIX FLAGS ENTERTAINMENT,210,170,210,170,210,210,210,140,170,140,110,140,140,170,210,170,170,170,140,110,140,110,90,90
SPECTRUM BRANDS HOLDINGS,90,90,90,110,90,90,90,140,110,90,70,90,110,90,140,210,140,110,110,90,70,90,70,90
PRESTIGE BRANDS HOLDINGS,90,110,210,110,110,140,140,140,140,90,70,110,110,140,140,140,110,140,140,170,140,210,90,170
BERRY PLASTICS GROUP,90,70,90,90,70,90,110,140,90,90,140,110,90,110,110,110,110,110,110,110,90,90,90,110
STARWOOD PROPERTY,170,140,140,110,110,140,140,140,140,70,90,140,140,140,140,110,140,140,110,110,110,140,90,110
ENVISION HEALTHCARE HOLDINGS,140,70,70,90,170,210,90,70,110,70,90,140,110,110,140,110,140,170,140,110,210,170,110,170
MANITOWOC CO,110,110,90,70,70,90,70,90,110,50,170,170,140,140,140,110,70,70,70,90,140,110,170,480
IMS HEALTH HOLDINGS,110,590,880,140,170,210,110,90,110,90,90,140,90,90,110,140,140,140,110,110,90,90,90,110
ARRIS INTERNATIONAL,90,90,70,70,70,90,50,70,70,70,70,70,70,70,70,50,70,70,70,70,70,70,50,320
SCIENCE APPLICATIONS INTERNATIONAL,110,140,170,140,110,140,110,110,140,90,90,110,140,170,140,140,140,110,90,90,90,90,90,110
SERVICEMASTER GLOBAL HOLDINGS,10,40,30,10,390,110,90,70,90,70,50,90,170,110,210,110,90,90,70,90,90,90,90,140
GENERAC HOLDINGS,260,170,170,170,140,170,140,110,140,170,110,140,140,90,110,140,90,90,170,110,140,90,70,110
MEDICINES CO,140,70,110,70,70,70,110,50,90,50,50,90,90,70,110,90,140,90,140,90,70,90,70,140
ZAYO GROUP HOLDINGS,20,30,20,10,50,70,30,30,590,110,90,110,90,110,50,90,70,110,90,90,70,140,140,90
LINCOLN ELECTRIC HOLDINGS,140,110,140,90,70,90,90,110,110,70,70,70,110,110,110,90,110,110,90,70,140,110,90,110
UMPQUA HOLDINGS,140,110,170,110,90,90,110,70,90,110,50,110,110,110,140,90,110,140,90,90,90,90,90,140
FEI CO,90,90,140,90,70,90,90,70,90,50,70,70,70,70,90,90,70,70,70,50,70,50,70,70
COLUMBIA PROPERTY,90,110,110,110,90,140,110,90,90,70,70,110,90,110,110,110,90,90,110,70,90,50,70,70
FIRST HORIZON NATIONAL,90,90,90,90,90,70,70,90,110,70,90,110,70,90,110,70,90,90,50,70,110,70,70,70
TANGER FACTORY OUTLET CENTERS,70,110,70,70,50,70,70,70,70,50,40,70,70,70,70,50,90,70,50,50,90,90,50,50
HEALTHCARE OF AMERICA,90,170,110,110,110,70,90,110,110,90,90,110,90,90,90,110,90,110,90,90,90,90,70,110
RLJ LODGING,140,110,70,140,90,110,70,90,110,70,70,90,140,110,90,70,70,90,70,70,90,70,90,90
MEDICAL PROPERTIES,20,20,30,40,30,30,30,40,50,30,30,50,40,20,30,20,20,40,50,20,30,40,30,30
MSC INDUSTRIAL DIRECT CO,50,50,70,40,40,70,70,50,70,70,50,70,40,90,70,50,50,40,70,70,70,40,30,50
ALLISON TRANSMISSION HOLDINGS,50,40,50,30,40,70,30,30,50,30,30,40,40,50,50,30,50,50,40,50,50,50,40,50
CORPORATE OFFICE PROPERTIES,70,70,70,70,70,90,40,50,70,50,50,70,70,90,110,50,70,50,50,50,50,40,50,50
PORTLAND GENERAL ELECTRIC CO,50,70,40,40,40,30,50,40,50,50,50,50,40,40,40,40,40,40,40,40,30,30,20,40
AMERICAN HOMES RENT,30,30,30,30,40,30,30,30,30,10,20,50,40,50,50,50,70,90,70,50,70,70,50,170
MGIC INVESTMENT,70,40,50,30,50,110,50,50,40,30,40,70,40,70,70,30,50,50,50,20,40,30,20,50
PEOPLES UNITED FINANCIAL,140,70,140,140,90,70,50,70,50,50,40,50,70,50,70,40,70,50,50,50,50,50,50,50
FIRST INDUSTRIAL REALTY,70,70,70,70,70,70,70,50,50,50,40,90,90,50,50,50,70,50,50,70,70,50,30,40
GRAMERCY PROPERTY,20,30,30,50,30,30,30,20,40,30,50,30,30,70,20,30,40,90,30,40,20,30,50,50
PEBBLEBROOK HOTEL,30,40,40,30,20,50,40,70,70,50,40,40,70,50,50,50,50,50,30,50,50,30,40,40
HOSPITALITY PROPERTIES,40,30,30,20,20,30,20,30,20,30,50,40,30,30,30,30,30,20,40,30,10,20,40,50
ERIE INDEMNITY CO,50,50,50,40,50,30,30,30,50,20,20,30,40,40,30,40,50,30,30,40,30,20,20,30
COMMSCOPE HOLDING,20,30,20,20,40,20,20,20,20,20,20,50,30,20,10,20,30,30,20,30,20,30,20,50
PIEDMONT OFFICE REALTY,70,70,40,30,50,50,50,40,50,40,30,40,40,50,40,30,40,40,40,40,30,30,40,30
ASSOCIATED BANCORP,30,40,40,30,30,40,30,50,40,30,20,30,40,30,30,30,40,50,40,30,40,30,20,30
EATON VANCE COM,40,40,30,40,20,20,30,20,20,40,30,30,30,30,30,10,20,20,30,30,30,40,40,40
EDUCATION REALTY,20,30,40,20,20,20,20,20,30,30,30,30,30,20,20,20,10,20,20,20,20,20,10,20
DISCOVERY COMMUNICATIONS A,0,0,0,0,0,0,0,0,0,0,0,0,0,0,10,10,10,10,10,10,0,10,10,10
WHITE MOUNTAINS INSURANCE GROUP LT,,,,,,,,,,,,,,,,,,,,,,,,
FOREST CITY REALTY IN,,,,,,,,,,,,,,,,,,,,,,,,
LIBERTY MEDIA SERIES A,,,,,,,,,,,,,,,,,,,,,,,,
SENIOR HOUSING PROPERTIES RE,,,,,,,,,,,,,,,,,,,,,,,,
CHARLES RIVER LABORATORIES INTERNA,,,,,,,,,,,,,,,,,,,,,,,,
CORRECTIONSORATION OF AMERICA,,,,,,,,,,,,,,,,,,,,,,,,
NEWMARKETORATION,,,,,,,,,,,,,,,,,,,,,,,,
SABREORATION,,,,,,,,,,,,,,,,,,,,,,,,
VALMONT INDS,,,,,,,,,,,,,,,,,,,,,,,,
NEW RESIDENTIAL INVESTMENT CO,,,,,,,,,,,,,,,,,,,,,,,,
OWENS and MINOR,,,,,,,,,,,,,,,,,,,,,,,,
COPA HOLDINGS A SA,,,,,,,,,,,,,,,,,,,,,,,,